date;value
21/03/94;1.106
28/03/94;1.107
04/04/94;1.109
11/04/94;1.108
18/04/94;1.105
25/04/94;1.106
02/05/94;1.104
09/05/94;1.101
16/05/94;1.099
23/05/94;1.099
30/05/94;1.098
06/06/94;1.101
13/06/94;1.098
20/06/94;1.103
27/06/94;1.108
04/07/94;1.109
11/07/94;1.110
18/07/94;1.111
25/07/94;1.111
01/08/94;1.116
08/08/94;1.127
15/08/94;1.127
22/08/94;1.124
29/08/94;1.122
05/09/94;1.126
12/09/94;1.128
19/09/94;1.126
26/09/94;1.120
03/10/94;1.118
10/10/94;1.117
17/10/94;1.119
24/10/94;1.122
31/10/94;1.133
07/11/94;1.133
14/11/94;1.135
21/11/94;1.130
28/11/94;1.126
05/12/94;1.123
12/12/94;1.114
19/12/94;1.109
26/12/94;1.106
02/01/95;1.104
09/01/95;1.102
16/01/95;1.100
23/01/95;1.095
30/01/95;1.090
06/02/95;1.086
13/02/95;1.088
20/02/95;1.088
27/02/95;1.089
06/03/95;1.089
13/03/95;1.088
20/03/95;1.085
27/03/95;1.088
03/04/95;1.094
10/04/95;1.101
17/04/95;1.106
24/04/95;1.115
01/05/95;1.119
08/05/95;1.126
15/05/95;1.126
22/05/95;1.124
29/05/95;1.130
05/06/95;1.124
12/06/95;1.122
19/06/95;1.117
26/06/95;1.112
03/07/95;1.106
10/07/95;1.103
17/07/95;1.099
24/07/95;1.098
31/07/95;1.093
07/08/95;1.099
14/08/95;1.106
21/08/95;1.106
28/08/95;1.109
04/09/95;1.115
11/09/95;1.119
18/09/95;1.122
25/09/95;1.121
02/10/95;1.117
09/10/95;1.117
16/10/95;1.117
23/10/95;1.114
30/10/95;1.110
06/11/95;1.118
13/11/95;1.118
20/11/95;1.119
27/11/95;1.124
04/12/95;1.123
11/12/95;1.124
18/12/95;1.130
25/12/95;1.141
01/01/96;1.148
08/01/96;1.146
15/01/96;1.152
22/01/96;1.144
29/01/96;1.136
05/02/96;1.130
12/02/96;1.134
19/02/96;1.151
26/02/96;1.164
04/03/96;1.175
11/03/96;1.173
18/03/96;1.172
25/03/96;1.210
01/04/96;1.222
08/04/96;1.249
15/04/96;1.305
22/04/96;1.304
29/04/96;1.285
06/05/96;1.292
13/05/96;1.285
20/05/96;1.274
27/05/96;1.254
03/06/96;1.240
10/06/96;1.215
17/06/96;1.193
24/06/96;1.179
01/07/96;1.172
08/07/96;1.173
15/07/96;1.178
22/07/96;1.184
29/07/96;1.178
05/08/96;1.184
12/08/96;1.191
19/08/96;1.206
26/08/96;1.222
02/09/96;1.231
09/09/96;1.250
16/09/96;1.276
23/09/96;1.277
30/09/96;1.289
07/10/96;1.308
14/10/96;1.326
21/10/96;1.329
28/10/96;1.329
04/11/96;1.323
11/11/96;1.316
18/11/96;1.324
25/11/96;1.327
02/12/96;1.323
09/12/96;1.320
16/12/96;1.307
23/12/96;1.300
30/12/96;1.295
06/01/97;1.291
13/01/97;1.296
20/01/97;1.293
27/01/97;1.283
03/02/97;1.288
10/02/97;1.285
17/02/97;1.278
24/02/97;1.269
03/03/97;1.252
10/03/97;1.230
17/03/97;1.220
24/03/97;1.220
31/03/97;1.225
07/04/97;1.217
14/04/97;1.216
21/04/97;1.211
28/04/97;1.205
05/05/97;1.205
12/05/97;1.191
19/05/97;1.191
26/05/97;1.196
02/06/97;1.190
09/06/97;1.187
16/06/97;1.172
23/06/97;1.162
30/06/97;1.153
07/07/97;1.159
14/07/97;1.152
21/07/97;1.147
28/07/97;1.145
04/08/97;1.155
11/08/97;1.168
18/08/97;1.167
25/08/97;1.169
01/09/97;1.165
08/09/97;1.163
15/09/97;1.156
22/09/97;1.154
29/09/97;1.160
06/10/97;1.175
13/10/97;1.185
20/10/97;1.185
27/10/97;1.185
03/11/97;1.188
10/11/97;1.190
17/11/97;1.195
24/11/97;1.193
01/12/97;1.189
08/12/97;1.174
15/12/97;1.162
22/12/97;1.155
29/12/97;1.150
05/01/98;1.147
12/01/98;1.126
19/01/98;1.109
26/01/98;1.096
02/02/98;1.091
09/02/98;1.085
16/02/98;1.082
23/02/98;1.079
02/03/98;1.074
09/03/98;1.066
16/03/98;1.057
23/03/98;1.049
30/03/98;1.068
06/04/98;1.067
13/04/98;1.065
20/04/98;1.065
27/04/98;1.070
04/05/98;1.072
11/05/98;1.075
18/05/98;1.069
25/05/98;1.060
01/06/98;1.053
08/06/98;1.045
15/06/98;1.040
22/06/98;1.033
29/06/98;1.034
06/07/98;1.036
13/07/98;1.031
20/07/98;1.027
27/07/98;1.020
03/08/98;1.016
10/08/98;1.010
17/08/98;1.007
24/08/98;1.004
31/08/98;1.000
07/09/98;1.009
14/09/98;1.019
21/09/98;1.030
28/09/98;1.039
05/10/98;1.041
12/10/98;1.041
19/10/98;1.036
26/10/98;1.036
02/11/98;1.035
09/11/98;1.034
16/11/98;1.026
23/11/98;1.012
30/11/98;1.004
07/12/98;0.684722222
14/12/98;0.46875
21/12/98;0.672222222
28/12/98;0.670833333
04/01/99;0.670138889
11/01/99;0.671527778
18/01/99;0.673611111
25/01/99;0.669444444
01/02/99;0.668055556
08/02/99;0.668055556
15/02/99;0.665972222
22/02/99;0.661805556
01/03/99;0.663888889
08/03/99;0.669444444
15/03/99; 
22/03/99;1.018
29/03/99;1.046
05/04/99;1.075
12/04/99;1.084
19/04/99;1.080
26/04/99;1.078
03/05/99;1.078
10/05/99;1.083
17/05/99;1.075
24/05/99;1.066
31/05/99;1.065
07/06/99;1.059
14/06/99;1.068
21/06/99;1.082
28/06/99;1.087
05/07/99;1.102
12/07/99;1.114
19/07/99;1.133
26/07/99;1.137
02/08/99;1.146
09/08/99;1.156
16/08/99;1.178
23/08/99;1.186
30/08/99;1.194
06/09/99;1.198
13/09/99;1.209
20/09/99;1.226
27/09/99;1.226
04/10/99;1.234
11/10/99;1.228
18/10/99;1.224
25/10/99;1.226
01/11/99;1.229
08/11/99;1.234
15/11/99;1.261
22/11/99;1.289
29/11/99;1.304
06/12/99;1.294
13/12/99;1.288
20/12/99;1.287
27/12/99;1.298
03/01/00;1.309
10/01/00;1.307
17/01/00;1.307
24/01/00;1.418
31/01/00;1.439
07/02/00;1.470
14/02/00;1.456
21/02/00;1.456
28/02/00;1.461
06/03/00;1.490
13/03/00;1.496
20/03/00;1.479
27/03/00;1.451
03/04/00;1.442
10/04/00;1.419
17/04/00;1.398
24/04/00;1.428
01/05/00;1.418
08/05/00;1.402
15/05/00;1.415
22/05/00;1.432
29/05/00;1.431
05/06/00;1.419
12/06/00;1.411
19/06/00;1.423
26/06/00;1.432
03/07/00;1.453
10/07/00;1.449
17/07/00;1.435
24/07/00;1.424
31/07/00;1.408
07/08/00;1.410
14/08/00;1.447
21/08/00;1.471
28/08/00;1.536
04/09/00;1.609
11/09/00;1.629
18/09/00;1.653
25/09/00;1.657
02/10/00;1.625
09/10/00;1.614
16/10/00;1.670
23/10/00;1.648
30/10/00;1.629
06/11/00;1.610
13/11/00;1.603
20/11/00;1.627
27/11/00;1.645
04/12/00;1.622
11/12/00;1.577
18/12/00;1.545
25/12/00;1.515
01/01/01;1.522
08/01/01;1.520
15/01/01;1.509
22/01/01;1.528
29/01/01;1.539
05/02/01;1.520
12/02/01;1.518
19/02/01;1.480
26/02/01;1.451
05/03/01;1.420
12/03/01;1.406
19/03/01;1.392
26/03/01;1.379
02/04/01;1.391
09/04/01;1.397
16/04/01;1.437
23/04/01;1.443
30/04/01;1.442
07/05/01;1.470
14/05/01;1.491
21/05/01;1.494
28/05/01;1.529
04/06/01;1.514
11/06/01;1.486
18/06/01;1.480
25/06/01;1.447
02/07/01;1.407
09/07/01;1.392
16/07/01;1.380
23/07/01;1.348
30/07/01;1.347
06/08/01;1.345
13/08/01;1.367
20/08/01;1.394
27/08/01;1.452
03/09/01;1.488
10/09/01;1.492
17/09/01;1.527
24/09/01;1.473
01/10/01;1.390
08/10/01;1.371
15/10/01;1.353
22/10/01;1.318
29/10/01;1.310
05/11/01;1.291
12/11/01;1.269
19/11/01;1.252
26/11/01;1.223
03/12/01;1.194
10/12/01;1.173
17/12/01;1.143
24/12/01;1.154
31/12/01;1.169
07/01/02;1.168
14/01/02;1.159
21/01/02;1.140
28/01/02;1.144
04/02/02;1.144
11/02/02;1.153
18/02/02;1.156
25/02/02;1.154
04/03/02;1.173
11/03/02;1.216
18/03/02;1.251
25/03/02;1.281
01/04/02;1.295
08/04/02;1.323
15/04/02;1.320
22/04/02;1.304
29/04/02;1.302
06/05/02;1.305
13/05/02;1.299
20/05/02;1.309
27/05/02;1.308
03/06/02;1.300
10/06/02;1.286
17/06/02;1.275
24/06/02;1.281
01/07/02;1.289
08/07/02;1.294
15/07/02;1.300
22/07/02;1.311
29/07/02;1.303
05/08/02;1.304
12/08/02;1.303
19/08/02;1.333
26/08/02;1.370
02/09/02;1.388
09/09/02;1.396
16/09/02;1.414
23/09/02;1.417
30/09/02;1.438
07/10/02;1.460
14/10/02;1.461
21/10/02;1.469
28/10/02;1.456
04/11/02;1.442
11/11/02;1.427
18/11/02;1.405
25/11/02;1.405
02/12/02;1.407
09/12/02;1.405
16/12/02;1.401
23/12/02;1.440
30/12/02;1.491
06/01/03;1.501
13/01/03;1.478
20/01/03;1.480
27/01/03;1.492
03/02/03;1.542
10/02/03;1.662
17/02/03;1.704
24/02/03;1.709
03/03/03;1.753
10/03/03;1.771
17/03/03;1.752
24/03/03;1.662
31/03/03;1.602
07/04/03;1.554
14/04/03;1.539
21/04/03;1.529
28/04/03;1.508
05/05/03;1.484
12/05/03;1.444
19/05/03;1.443
26/05/03;1.434
02/06/03;1.423
09/06/03;1.422
16/06/03;1.432
23/06/03;1.423
30/06/03;1.420
07/07/03;1.428
14/07/03;1.435
21/07/03;1.439
28/07/03;1.438
04/08/03;1.453
11/08/03;1.492
18/08/03;1.498
25/08/03;1.503
01/09/03;1.501
08/09/03;1.488
15/09/03;1.471
22/09/03;1.444
29/09/03;1.429
06/10/03;1.445
13/10/03;1.483
20/10/03;1.502
27/10/03;1.495
03/11/03;1.481
10/11/03;1.476
17/11/03;1.481
24/11/03;1.491
01/12/03;1.476
08/12/03;1.481
15/12/03;1.486
22/12/03;1.504
29/12/03;1.502
05/01/04;1.503
12/01/04;1.551
19/01/04;1.559
26/01/04;1.591
02/02/04;1.581
09/02/04;1.568
16/02/04;1.584
23/02/04;1.595
01/03/04;1.619
08/03/04;1.628
15/03/04;1.617
22/03/04;1.641
29/03/04;1.642
05/04/04;1.648
12/04/04;1.679
19/04/04;1.724
26/04/04;1.718
03/05/04;1.717
10/05/04;1.745
17/05/04;1.763
24/05/04;1.761
31/05/04;1.746
07/06/04;1.734
14/06/04;1.711
21/06/04;1.700
28/06/04;1.700
05/07/04;1.716
12/07/04;1.740
19/07/04;1.744
26/07/04;1.754
02/08/04;1.780
09/08/04;1.814
16/08/04;1.825
23/08/04;1.874
30/08/04;1.871
06/09/04;1.869
13/09/04;1.874
20/09/04;1.912
27/09/04;2.012
04/10/04;2.053
11/10/04;2.092
18/10/04;2.180
25/10/04;2.212
01/11/04;2.206
08/11/04;2.163
15/11/04;2.132
22/11/04;2.116
29/11/04;2.116
06/12/04;2.069
13/12/04;1.997
20/12/04;1.984
27/12/04;1.987
03/01/05;1.957
10/01/05;1.934
17/01/05;1.952
24/01/05;1.959
31/01/05;1.992
07/02/05;1.983
14/02/05;1.986
21/02/05;2.020
28/02/05;2.118
07/03/05;2.168
14/03/05;2.194
21/03/05;2.244
28/03/05;2.249
04/04/05;2.303
11/04/05;2.316
18/04/05;2.259
25/04/05;2.289
02/05/05;2.262
09/05/05;2.227
16/05/05;2.189
23/05/05;2.156
30/05/05;2.160
06/06/05;2.234
13/06/05;2.276
20/06/05;2.313
27/06/05;2.336
04/07/05;2.348
11/07/05;2.408
18/07/05;2.392
25/07/05;2.342
01/08/05;2.348
08/08/05;2.407
15/08/05;2.567
22/08/05;2.588
29/08/05;2.590
05/09/05;2.898
12/09/05;2.847
19/09/05;2.732
26/09/05;2.798
03/10/05;3.144
10/10/05;3.150
17/10/05;3.148
24/10/05;3.157
31/10/05;2.876
07/11/05;2.698
14/11/05;2.602
21/11/05;2.513
28/11/05;2.479
05/12/05;2.425
12/12/05;2.436
19/12/05;2.462
26/12/05;2.448
02/01/06;2.442
09/01/06;2.485
16/01/06;2.449
23/01/06;2.472
30/01/06;2.489
06/02/06;2.499
13/02/06;2.476
20/02/06;2.455
27/02/06;2.471
06/03/06;2.545
13/03/06;2.543
20/03/06;2.581
27/03/06;2.565
03/04/06;2.617
10/04/06;2.654
17/04/06;2.765
24/04/06;2.876
01/05/06;2.896
08/05/06;2.897
15/05/06;2.920
22/05/06;2.888
29/05/06;2.882
05/06/06;2.890
12/06/06;2.918
19/06/06;2.915
26/06/06;2.867
03/07/06;2.898
10/07/06;2.918
17/07/06;2.926
24/07/06;2.946
31/07/06;2.980
07/08/06;3.055
14/08/06;3.065
21/08/06;3.033
28/08/06;3.027
04/09/06;2.967
11/09/06;2.857
18/09/06;2.713
25/09/06;2.595
02/10/06;2.546
09/10/06;2.506
16/10/06;2.503
23/10/06;2.524
30/10/06;2.517
06/11/06;2.506
13/11/06;2.552
20/11/06;2.553
27/11/06;2.567
04/12/06;2.618
11/12/06;2.621
18/12/06;2.606
25/12/06;2.596
01/01/07;2.580
08/01/07;2.537
15/01/07;2.463
22/01/07;2.430
29/01/07;2.413
05/02/07;2.435
12/02/07;2.476
19/02/07;2.491
26/02/07;2.551
05/03/07;2.626
12/03/07;2.685
19/03/07;2.681
26/03/07;2.676
02/04/07;2.790
09/04/07;2.840
16/04/07;2.877
23/04/07;2.851
30/04/07;2.811
07/05/07;2.792
14/05/07;2.773
21/05/07;2.803
28/05/07;2.817
04/06/07;2.799
11/06/07;2.792
18/06/07;2.805
25/06/07;2.835
02/07/07;2.829
09/07/07;2.849
16/07/07;2.889
23/07/07;2.889
30/07/07;2.886
06/08/07;2.898
13/08/07;2.847
20/08/07;2.868
27/08/07;2.863
03/09/07;2.893
10/09/07;2.924
17/09/07;2.964
24/09/07;3.032
01/10/07;3.048
08/10/07;3.035
15/10/07;3.039
22/10/07;3.094
29/10/07;3.157
05/11/07;3.303
12/11/07;3.425
19/11/07;3.410
26/11/07;3.444
03/12/07;3.416
10/12/07;3.325
17/12/07;3.309
24/12/07;3.308
31/12/07;3.345
07/01/08;3.376
14/01/08;3.326
21/01/08;3.270
28/01/08;3.259
04/02/08;3.280
11/02/08;3.280
18/02/08;3.396
25/02/08;3.552
03/03/08;3.658
10/03/08;3.819
17/03/08;3.974
24/03/08;3.989
31/03/08;3.964
07/04/08;3.955
14/04/08;4.059
21/04/08;4.143
28/04/08;4.177
05/05/08;4.149
12/05/08;4.331
19/05/08;4.497
26/05/08;4.723
02/06/08;4.707
09/06/08;4.692
16/06/08;4.692
23/06/08;4.648
30/06/08;4.645
07/07/08;4.727
14/07/08;4.764
21/07/08;4.718
28/07/08;4.603
04/08/08;4.502
11/08/08;4.353
18/08/08;4.207
25/08/08;4.145
01/09/08;4.121
08/09/08;4.059
15/09/08;4.023
22/09/08;3.958
29/09/08;3.959
06/10/08;3.875
13/10/08;3.659
20/10/08;3.482
27/10/08;3.288
03/11/08;3.088
10/11/08;2.944
17/11/08;2.809
24/11/08;2.664
01/12/08;2.615
08/12/08;2.515
15/12/08;2.422
22/12/08;2.366
29/12/08;2.327
05/01/09;2.291
12/01/09;2.314
19/01/09;2.296
26/01/09;2.268
02/02/09;2.246
09/02/09;2.219
16/02/09;2.186
23/02/09;2.130
02/03/09;2.087
09/03/09;2.045
16/03/09;2.017
23/03/09;2.090
30/03/09;2.221
06/04/09;2.228
13/04/09;2.229
20/04/09;2.221
27/04/09;2.201
04/05/09;2.185
11/05/09;2.216
18/05/09;2.231
25/05/09;2.274
01/06/09;2.352
08/06/09;2.498
15/06/09;2.572
22/06/09;2.616
29/06/09;2.608
06/07/09;2.594
13/07/09;2.542
20/07/09;2.496
27/07/09;2.528
03/08/09;2.550
10/08/09;2.625
17/08/09;2.652
24/08/09;2.668
31/08/09;2.674
07/09/09;2.647
14/09/09;2.634
21/09/09;2.622
28/09/09;2.601
05/10/09;2.582
12/10/09;2.600
19/10/09;2.705
26/10/09;2.801
02/11/09;2.808
09/11/09;2.801
16/11/09;2.790
23/11/09;2.787
30/11/09;2.775
07/12/09;2.772
14/12/09;2.748
21/12/09;2.726
28/12/09;2.732
04/01/10;2.797
11/01/10;2.879
18/01/10;2.870
25/01/10;2.833
01/02/10;2.781
08/02/10;2.769
15/02/10;2.756
22/02/10;2.832
01/03/10;2.861
08/03/10;2.904
15/03/10;2.924
22/03/10;2.946
29/03/10;2.939
05/04/10;3.015
12/04/10;3.069
19/04/10;3.074
26/04/10;3.078
03/05/10;3.122
10/05/10;3.127
17/05/10;3.094
24/05/10;3.021
31/05/10;2.980
07/06/10;2.946
14/06/10;2.928
21/06/10;2.961
28/06/10;2.956
05/07/10;2.924
12/07/10;2.903
19/07/10;2.899
26/07/10;2.919
02/08/10;2.928
09/08/10;2.991
16/08/10;2.979
23/08/10;2.957
30/08/10;2.938
06/09/10;2.931
13/09/10;2.943
20/09/10;2.960
27/09/10;2.951
04/10/10;3.000
11/10/10;3.066
18/10/10;3.073
25/10/10;3.067
01/11/10;3.067
08/11/10;3.116
15/11/10;3.184
22/11/10;3.171
29/11/10;3.162
06/12/10;3.197
13/12/10;3.231
20/12/10;3.248
27/12/10;3.294
03/01/11;3.331
10/01/11;3.333
17/01/11;3.407
24/01/11;3.430
31/01/11;3.438
07/02/11;3.513
14/02/11;3.534
21/02/11;3.573
28/02/11;3.716
07/03/11;3.871
14/03/11;3.908
21/03/11;3.907
28/03/11;3.932
04/04/11;3.976
11/04/11;4.078
18/04/11;4.105
25/04/11;4.098
02/05/11;4.124
09/05/11;4.104
16/05/11;4.061
23/05/11;3.997
30/05/11;3.948
06/06/11;3.940
13/06/11;3.954
20/06/11;3.950
27/06/11;3.888
04/07/11;3.850
11/07/11;3.899
18/07/11;3.923
25/07/11;3.949
01/08/11;3.937
08/08/11;3.897
15/08/11;3.835
22/08/11;3.810
29/08/11;3.820
05/09/11;3.868
12/09/11;3.862
19/09/11;3.833
26/09/11;3.786
03/10/11;3.749
10/10/11;3.721
17/10/11;3.801
24/10/11;3.825
31/10/11;3.892
07/11/11;3.887
14/11/11;3.987
21/11/11;4.010
28/11/11;3.964
05/12/11;3.931
12/12/11;3.894
19/12/11;3.828
26/12/11;3.791
02/01/12;3.783
09/01/12;3.828
16/01/12;3.854
23/01/12;3.848
30/01/12;3.850
06/02/12;3.856
13/02/12;3.943
20/02/12;3.960
27/02/12;4.051
05/03/12;4.094
12/03/12;4.123
19/03/12;4.142
26/03/12;4.147
02/04/12;4.142
09/04/12;4.148
16/04/12;4.127
23/04/12;4.085
30/04/12;4.073
07/05/12;4.057
14/05/12;4.004
21/05/12;3.956
28/05/12;3.897
04/06/12;3.846
11/06/12;3.781
18/06/12;3.729
25/06/12;3.678
02/07/12;3.648
09/07/12;3.683
16/07/12;3.695
23/07/12;3.783
30/07/12;3.796
06/08/12;3.850
13/08/12;3.965
20/08/12;4.026
27/08/12;4.089
03/09/12;4.127
10/09/12;4.132
17/09/12;4.135
24/09/12;4.086
01/10/12;4.079
08/10/12;4.094
15/10/12;4.150
22/10/12;4.116
29/10/12;4.030
05/11/12;4.010
12/11/12;3.980
19/11/12;3.976
26/11/12;4.034
03/12/12;4.027
10/12/12;3.991
17/12/12;3.945
24/12/12;3.923
31/12/12;3.918
07/01/13;3.911
14/01/13;3.894
21/01/13;3.902
28/01/13;3.927
04/02/13;4.022
11/02/13;4.104
18/02/13;4.157
25/02/13;4.159
04/03/13;4.130
11/03/13;4.088
18/03/13;4.047
25/03/13;4.006
01/04/13;3.993
08/04/13;3.977
15/04/13;3.942
22/04/13;3.887
29/04/13;3.851
06/05/13;3.845
13/05/13;3.866
20/05/13;3.890
27/05/13;3.880
03/06/13;3.869
10/06/13;3.849
17/06/13;3.841
24/06/13;3.838
01/07/13;3.817
08/07/13;3.828
15/07/13;3.867
22/07/13;3.903
29/07/13;3.915
05/08/13;3.909
12/08/13;3.896
19/08/13;3.900
26/08/13;3.913
02/09/13;3.981
09/09/13;3.981
16/09/13;3.974
23/09/13;3.949
30/09/13;3.919
07/10/13;3.897
14/10/13;3.886
21/10/13;3.886
28/10/13;3.870
04/11/13;3.857
11/11/13;3.832
18/11/13;3.822
25/11/13;3.844
02/12/13;3.883
09/12/13;3.879
16/12/13;3.871
23/12/13;3.873
30/12/13;3.903
06/01/14;3.910
13/01/14;3.886
20/01/14;3.873
27/01/14;3.904
03/02/14;3.951
10/02/14;3.977
17/02/14;3.989
24/02/14;4.017
03/03/14;4.016
10/03/14;4.021
17/03/14;4.003
24/03/14;3.988
31/03/14;3.975
07/04/14;3.959
14/04/14;3.952
21/04/14;3.971
28/04/14;3.975
05/05/14;3.964
12/05/14;3.948
19/05/14;3.934
26/05/14;3.925
02/06/14;3.918
09/06/14;3.892
16/06/14;3.882
23/06/14;3.919
30/06/14;3.920
07/07/14;3.913
14/07/14;3.894
21/07/14;3.869
28/07/14;3.858
04/08/14;3.853
11/08/14;3.843
18/08/14;3.835
25/08/14;3.821
01/09/14;3.814
08/09/14;3.814
15/09/14;3.801
22/09/14;3.778
29/09/14;3.755
06/10/14;3.733
13/10/14;3.698
20/10/14;3.656
27/10/14;3.635
03/11/14;3.623
10/11/14;3.677
17/11/14;3.661
24/11/14;3.628
01/12/14;3.605
08/12/14;3.535
15/12/14;3.419
22/12/14;3.281
29/12/14;3.213
05/01/15;3.137
12/01/15;3.053
19/01/15;2.933
26/01/15;2.866
02/02/15;2.831
09/02/15;2.835
16/02/15;2.865
23/02/15;2.900
02/03/15;2.936
09/03/15;2.944
16/03/15;2.917
23/03/15;2.864
30/03/15;2.824
06/04/15;2.784
13/04/15;2.754
20/04/15;2.780
27/04/15;2.811
04/05/15;2.854
11/05/15;2.878
18/05/15;2.904
25/05/15;2.914
01/06/15;2.909
08/06/15;2.884
15/06/15;2.870
22/06/15;2.859
29/06/15;2.843
06/07/15;2.832
13/07/15;2.814
20/07/15;2.782
27/07/15;2.723
03/08/15;2.668
10/08/15;2.617
17/08/15;2.615
24/08/15;2.561
31/08/15;2.514
07/09/15;2.534
14/09/15;2.517
21/09/15;2.493
28/09/15;2.476
05/10/15;2.492
12/10/15;2.556
19/10/15;2.531
26/10/15;2.498
02/11/15;2.485
09/11/15;2.502
16/11/15;2.482
23/11/15;2.445
30/11/15;2.421
07/12/15;2.379
14/12/15;2.338
21/12/15;2.284
28/12/15;2.237
04/01/16;2.211
11/01/16;2.177
18/01/16;2.112
25/01/16;2.071
01/02/16;2.031
08/02/16;2.008
15/02/16;1.980
22/02/16;1.983
29/02/16;1.989
07/03/16;2.021
14/03/16;2.099
21/03/16;2.119
28/03/16;2.121
04/04/16;2.115
11/04/16;2.128
18/04/16;2.165
25/04/16;2.198
02/05/16;2.266
09/05/16;2.271
16/05/16;2.297
23/05/16;2.357
30/05/16;2.382
06/06/16;2.407
13/06/16;2.431
20/06/16;2.426
27/06/16;2.426
04/07/16;2.423
11/07/16;2.414
18/07/16;2.402
25/07/16;2.379
01/08/16;2.348
08/08/16;2.316
15/08/16;2.310
22/08/16;2.370
29/08/16;2.409
05/09/16;2.407
12/09/16;2.399
19/09/16;2.389
26/09/16;2.382
03/10/16;2.389
10/10/16;2.445
17/10/16;2.481
24/10/16;2.478
31/10/16;2.479
07/11/16;2.470
14/11/16;2.443
21/11/16;2.421
28/11/16;2.420
05/12/16;2.480
12/12/16;2.493
19/12/16;2.527
26/12/16;2.540
02/01/17;2.586
09/01/17;2.597
16/01/17;2.585
23/01/17;2.569
30/01/17;2.562
06/02/17;2.558
13/02/17;2.565
20/02/17;2.572
27/02/17;2.577
06/03/17;2.579
13/03/17;2.564
20/03/17;2.539
27/03/17;2.532
03/04/17;2.556
10/04/17;2.582
17/04/17;2.597
24/04/17;2.595
01/05/17;2.583
08/05/17;2.565
15/05/17;2.544
22/05/17;2.539
29/05/17;2.571
05/06/17;2.564
12/06/17;2.524
19/06/17;2.489
26/06/17;2.465
03/07/17;2.472
10/07/17;2.481
17/07/17;2.491
24/07/17;2.507
31/07/17;2.531
07/08/17;2.581
14/08/17;2.598
21/08/17;2.596
28/08/17;2.605
04/09/17;2.758
11/09/17;2.802
18/09/17;2.791
25/09/17;2.788
02/10/17;2.792
09/10/17;2.776
16/10/17;2.787
23/10/17;2.797
30/10/17;2.819
06/11/17;2.882
13/11/17;2.915
20/11/17;2.912
27/11/17;2.926
04/12/17;2.922
11/12/17;2.910
18/12/17;2.901
25/12/17;2.903
01/01/18;2.973
08/01/18;2.996
15/01/18;3.028
22/01/18;3.025
29/01/18;3.070
05/02/18;3.086
12/02/18;3.063
19/02/18;3.027
26/02/18;3.007
05/03/18;2.992
12/03/18;2.976
19/03/18;2.972
26/03/18;3.010
02/04/18;3.042
09/04/18;3.043
16/04/18;3.104
23/04/18;3.133
30/04/18;3.157
07/05/18;3.171
14/05/18;3.239
21/05/18;3.277
28/05/18;3.288
04/06/18;3.285
11/06/18;3.266
18/06/18;3.244
25/06/18;3.216
02/07/18;3.236
09/07/18;3.243
16/07/18;3.239
23/07/18;3.220
30/07/18;3.226
06/08/18;3.223
13/08/18;3.217
20/08/18;3.207
27/08/18;3.226
03/09/18;3.252
10/09/18;3.258
17/09/18;3.268
24/09/18;3.271
01/10/18;3.313
08/10/18;3.385
15/10/18;3.394
22/10/18;3.380
29/10/18;3.355
05/11/18;3.338
12/11/18;3.317
19/11/18;3.282
26/11/18;3.261
03/12/18;3.207
10/12/18;3.161
17/12/18;3.121
24/12/18;3.077
31/12/18;3.048
07/01/19;3.013
14/01/19;2.976
21/01/19;2.965
28/01/19;2.965
04/02/19;2.966
11/02/19;2.966
18/02/19;3.006
25/02/19;3.048
04/03/19;3.076
11/03/19;3.079
18/03/19;3.070
25/03/19;3.080
01/04/19;3.078
08/04/19;3.093
15/04/19;3.118
22/04/19;3.147
29/04/19;3.169
06/05/19;3.171
13/05/19;3.160
20/05/19;3.163
27/05/19;3.151
03/06/19;3.136
10/06/19;3.105
17/06/19;3.070
24/06/19;3.043
01/07/19;3.042
08/07/19;3.055
15/07/19;3.051
22/07/19;3.044
29/07/19;3.034
05/08/19;3.032
12/08/19;3.011
19/08/19;2.994
26/08/19;2.983
02/09/19;2.976
09/09/19;2.971
16/09/19;2.987
23/09/19;3.081
30/09/19;3.066
07/10/19;3.047
14/10/19;3.051
21/10/19;3.050
28/10/19;3.064
04/11/19;3.062
11/11/19;3.073
18/11/19;3.074
25/11/19;3.066
02/12/19;3.070
09/12/19;3.049
16/12/19;3.046
23/12/19;3.041
30/12/19;3.069
06/01/20;3.079
13/01/20;3.064
20/01/20;3.037
27/01/20;3.010
03/02/20;2.956
10/02/20;2.910
17/02/20;2.890
24/02/20;2.882
02/03/20;2.851
09/03/20;2.814
16/03/20;2.733
23/03/20;2.659
30/03/20;2.586
06/04/20;2.548
13/04/20;2.507
20/04/20;2.480
27/04/20;2.437
04/05/20;2.399
11/05/20;2.394
18/05/20;2.386
25/05/20;2.390
01/06/20;2.386
08/06/20;2.396
15/06/20;2.403
22/06/20;2.425
29/06/20;2.430
06/07/20;2.437
13/07/20;2.438
20/07/20;2.433
27/07/20;2.427
03/08/20;2.424
10/08/20;2.428
17/08/20;2.427
24/08/20;2.426
31/08/20;2.441
07/09/20;2.435
14/09/20;2.422
21/09/20;2.404
28/09/20;2.394
05/10/20;2.387
12/10/20;2.395
19/10/20;2.388
26/10/20;2.385
02/11/20;2.372
09/11/20;2.383
16/11/20;2.441
23/11/20;2.462
30/11/20;2.502
07/12/20;2.526
14/12/20;2.559
21/12/20;2.619
28/12/20;2.635
04/01/21;2.640
11/01/21;2.670
18/01/21;2.696
25/01/21;2.716
01/02/21;2.738
08/02/21;2.801
15/02/21;2.876
22/02/21;2.973
01/03/21;3.072
08/03/21;3.143
15/03/21;3.191
22/03/21;3.194
29/03/21;3.161
05/04/21;3.144
12/04/21;3.129
19/04/21;3.124
26/04/21;3.124
03/05/21;3.142
10/05/21;3.186
17/05/21;3.249
24/05/21;3.253
31/05/21;3.255
07/06/21;3.274
14/06/21;3.286
21/06/21;3.287
28/06/21;3.300
05/07/21;3.331
12/07/21;3.338
19/07/21;3.344
26/07/21;3.342
02/08/21;3.367
09/08/21;3.364
16/08/21;3.356
23/08/21;3.324
30/08/21;3.339
06/09/21;3.373
13/09/21;3.372
20/09/21;3.385
27/09/21;3.406
04/10/21;3.477
11/10/21;3.586
18/10/21;3.671
25/10/21;3.713
01/11/21;3.727
08/11/21;3.730
15/11/21;3.734
22/11/21;3.724
29/11/21;3.720
06/12/21;3.674
13/12/21;3.649
20/12/21;3.626
27/12/21;3.615
03/01/22;3.613
10/01/22;3.657
17/01/22;3.725
24/01/22;3.780
31/01/22;3.846
07/02/22;3.951
14/02/22;4.019
21/02/22;4.055
28/02/22;4.104
07/03/22;4.849
14/03/22;5.250
21/03/22;5.134
28/03/22;5.185
04/04/22;5.144
11/04/22;5.073
18/04/22;5.101
25/04/22;5.160
02/05/22;5.509
09/05/22;5.623
16/05/22;5.613
23/05/22;5.571
30/05/22;5.539
06/06/22;5.703
13/06/22;5.718
20/06/22;5.810
27/06/22;5.783
04/07/22;5.675
11/07/22;5.568
18/07/22;5.432
25/07/22;5.268
01/08/22;5.138
08/08/22;4.993
15/08/22;4.911
22/08/22;4.909
29/08/22;5.115
05/09/22;5.084
12/09/22;5.033
19/09/22;4.964
26/09/22;4.889
03/10/22;4.836
10/10/22;5.224
17/10/22;5.339
24/10/22;5.341
31/10/22;5.317
07/11/22;5.333
14/11/22;5.313
21/11/22;5.233
28/11/22;5.141
05/12/22;4.967
12/12/22;4.754
19/12/22;4.596
26/12/22;4.537
02/01/23;4.583
09/01/23;4.549
16/01/23;4.524
23/01/23;4.604
30/01/23;4.622
06/02/23;4.539
13/02/23;4.444
20/02/23;4.376
27/02/23;4.294
06/03/23;4.282
13/03/23;4.247
20/03/23;4.185
27/03/23;4.128
03/04/23;4.105
10/04/23;4.098
17/04/23;4.116
24/04/23;4.077
01/05/23;4.018
08/05/23;3.922
15/05/23;3.897
22/05/23;3.883
29/05/23;3.855
05/06/23;3.797
12/06/23;3.794
19/06/23;3.815
26/06/23;3.801
03/07/23;3.767
10/07/23;3.806
17/07/23;3.806
24/07/23;3.905
31/07/23;4.127
07/08/23;4.239
14/08/23;4.378
21/08/23;4.389
28/08/23;4.475
04/09/23;4.492
11/09/23;4.540
18/09/23;4.633
25/09/23;4.586
02/10/23;4.593
09/10/23;4.498
16/10/23;4.444
23/10/23;4.545
30/10/23;4.454
06/11/23;4.366
13/11/23;4.294
20/11/23;4.209
27/11/23;4.146
04/12/23;4.092
11/12/23;3.987
18/12/23;3.894
25/12/23;3.914
01/01/24;3.876
08/01/24;3.828
15/01/24;3.863
22/01/24;3.838
29/01/24;3.867
05/02/24;3.899
12/02/24;4.109
19/02/24;4.109
26/02/24;4.058
04/03/24;4.022
11/03/24;4.004
18/03/24;4.028
25/03/24;4.034
01/04/24;3.996
08/04/24;4.061
15/04/24;4.015
22/04/24;3.992
29/04/24;3.947
06/05/24;3.894
13/05/24;3.848
20/05/24;3.789
27/05/24;3.758
03/06/24;3.726
10/06/24;3.658
17/06/24;3.735
24/06/24;3.769
01/07/24;3.813
08/07/24;3.865
15/07/24;3.826
22/07/24;3.779
29/07/24;3.768
05/08/24;3.755
12/08/24;3.704
19/08/24;3.688
26/08/24;3.651
02/09/24;3.625
09/09/24;3.555
16/09/24;3.526
23/09/24;3.539
30/09/24;3.544
07/10/24;3.584
14/10/24;3.631
21/10/24;3.553
28/10/24;3.573
04/11/24;3.536
11/11/24;3.521
18/11/24;3.491
25/11/24;3.539
02/12/24;3.540
09/12/24;3.458
16/12/24;3.494
23/12/24;3.476
30/12/24;3.503
06/01/25;3.561
13/01/25;3.602
20/01/25;3.715
27/01/25;3.659
03/02/25;3.660
10/02/25;3.665
17/02/25;3.677
24/02/25;3.697
03/03/25;3.635
10/03/25;3.582
17/03/25;3.549
24/03/25;3.567
31/03/25;3.592
07/04/25;3.639
14/04/25;3.579
21/04/25;3.534
28/04/25;3.514
05/05/25;3.497
12/05/25;3.476
19/05/25;3.536
26/05/25;3.487
02/06/25;3.451
09/06/25;3.471
16/06/25;3.571
23/06/25;3.775
30/06/25;3.727
07/07/25;3.739
14/07/25;3.758
21/07/25;3.812
28/07/25;3.805
04/08/25;3.800
11/08/25;3.754
18/08/25;3.713
25/08/25;3.708
01/09/25;3.734
08/09/25;3.766
15/09/25;3.739
22/09/25;3.749
29/09/25;3.754
06/10/25;3.711
13/10/25;3.665
20/10/25;3.620
27/10/25;3.718
03/11/25;3.753
10/11/25;3.837
17/11/25;3.868
24/11/25;3.831
01/12/25;3.758
08/12/25;3.665
15/12/25;3.607
22/12/25;3.544
29/12/25;3.500
05/01/26;3.477
12/01/26;3.459
19/01/26;3.530
26/01/26;3.624
02/02/26;3.681
09/02/26;3.688
16/02/26;3.711
23/02/26;3.809
02/03/26;3.897
09/03/26;4.859
16/03/26;5.071
23/03/26;5.375
30/03/26;5.401
06/04/26;5.643
13/04/26;5.608
20/04/26;5.403
27/04/26;5.351
04/05/26;5.640
11/05/26;5.639
18/05/26;5.596
25/05/26;5.523
01/06/26;5.350
08/06/26;5.210
15/06/26;5.059
22/06/26;4.832
29/06/26;4.668
06/07/26;4.578
13/07/26;4.796
20/07/26;5.134
27/07/26;5.313
03/08/26;5.348
10/08/26;5.257
17/08/26;5.454
24/08/26;5.652
31/08/26;5.599
07/09/26;5.967
14/09/26;6.285
21/09/26;6.529
28/09/26;6.382
05/10/26;6.199